<?xml version="1.0" encoding="UTF-8"?>
<con:soapui-project id="f1e8fc78-7951-48a5-9e41-5992770545b6" activeEnvironment="Default" name="DZ_5_SoapUI" resourceRoot="${projectDir}" soapui-version="5.7.2" abortOnError="false" runType="SEQUENTIAL" xmlns:con="http://eviware.com/soapui/config"><con:settings><con:setting id="com.eviware.soapui.impl.wsdl.actions.iface.tools.soapui.TestRunnerAction@values-local"><![CDATA[<xml-fragment xmlns:con="http://eviware.com/soapui/config">
  <con:entry key="Report Format(s)" value=""/>
  <con:entry key="Host:Port" value=""/>
  <con:entry key="Export JUnit Results" value="false"/>
  <con:entry key="Export All" value="false"/>
  <con:entry key="Save After" value="false"/>
  <con:entry key="Add Settings" value="false"/>
  <con:entry key="WSS Password Type" value=""/>
  <con:entry key="TestSuite" value="My Test Cases"/>
  <con:entry key="Endpoint" value=""/>
  <con:entry key="Select Report Type" value=""/>
  <con:entry key="System Properties" value=""/>
  <con:entry key="Password" value=""/>
  <con:entry key="Print Report" value="false"/>
  <con:entry key="Open Report" value="false"/>
  <con:entry key="Export JUnit Results with test properties" value="false"/>
  <con:entry key="Global Properties" value=""/>
  <con:entry key="Project Properties" value=""/>
  <con:entry key="Project Password" value=""/>
  <con:entry key="TestCase" value="&lt;all>"/>
  <con:entry key="Username" value=""/>
  <con:entry key="user-settings.xml Password" value=""/>
  <con:entry key="TestRunner Path" value=""/>
  <con:entry key="Environment" value="Default"/>
  <con:entry key="Coverage Report" value="false"/>
  <con:entry key="Enable UI" value="false"/>
  <con:entry key="Root Folder" value=""/>
  <con:entry key="Ignore Errors" value="false"/>
  <con:entry key="Domain" value=""/>
  <con:entry key="Tool Args" value=""/>
  <con:entry key="Save Project" value="false"/>
</xml-fragment>]]></con:setting></con:settings><con:interface xsi:type="con:RestService" id="8ae5443d-bfbe-447b-9abc-58d68d8e8eff" wadlVersion="http://wadl.dev.java.net/2009/02" name="https://api.clickup.com" type="rest" xmlns:xsi="http://www.w3.org/2001/XMLSchema-instance"><con:settings/><con:definitionCache type="TEXT" rootPart=""/><con:endpoints><con:endpoint>https://api.clickup.com</con:endpoint></con:endpoints><con:resource name="" path="/api/v2/space/{space_id}/tag" id="6afca402-7044-449e-9c4d-90c692226f4b"><con:settings/><con:parameters><con:parameter><con:name>space_id</con:name><con:style>TEMPLATE</con:style></con:parameter></con:parameters><con:method name="Get Space Tags" id="0541abfb-49e6-4937-be25-5197eb3b79ad" method="GET"><con:settings/><con:parameters/><con:representation type="FAULT"><con:mediaType>application/json; charset=utf-8</con:mediaType><con:status>400</con:status><con:params/><con:element xmlns:tag="https://api.clickup.com/api/v2/space/90121392709/tag">tag:Fault</con:element></con:representation><con:representation type="RESPONSE"><con:mediaType>application/json; charset=utf-8</con:mediaType><con:status>200</con:status><con:params/><con:element xmlns:tag="https://api.clickup.com/api/v2/space/90121392709/tag">tag:Response</con:element></con:representation><con:request name="Request 1" id="f01205f3-0906-414a-ba31-d547a00f7a6b" mediaType="application/json"><con:settings><con:setting id="com.eviware.soapui.impl.wsdl.WsdlRequest@request-headers">&lt;entry key="Authorization" value="pk_2144419997_FYG8LWOXN4N816EUCCV0E0YAGXF3LEUI" xmlns="http://eviware.com/soapui/config"/></con:setting></con:settings><con:endpoint>https://api.clickup.com</con:endpoint><con:request/><con:originalUri>https://api.clickup.com/api/v2/space/90121392709/tag</con:originalUri><con:credentials><con:authType>No Authorization</con:authType></con:credentials><con:jmsConfig JMSDeliveryMode="PERSISTENT"/><con:jmsPropertyConfig/><con:parameters><entry key="space_id" value="90121392709" xmlns="http://eviware.com/soapui/config"/></con:parameters><con:parameterOrder><con:entry>space_id</con:entry></con:parameterOrder></con:request></con:method><con:method name="Create Space Tag" id="f377bda2-eb23-44a6-a6b8-23a024d8aa34" method="POST"><con:settings/><con:parameters/><con:representation type="FAULT"><con:mediaType>application/json; charset=utf-8</con:mediaType><con:status>400</con:status><con:params/><con:element xmlns:tag="https://api.clickup.com/api/v2/space/90121392709/tag">tag:Fault</con:element></con:representation><con:representation type="REQUEST"><con:mediaType>application/json</con:mediaType><con:params/></con:representation><con:representation type="RESPONSE"><con:mediaType>application/json; charset=utf-8</con:mediaType><con:status>200</con:status><con:params/><con:element>Response</con:element></con:representation><con:request name="Request 1" id="9261db91-25b2-437b-bfbb-125c921e477c" mediaType="application/json" postQueryString="false"><con:settings><con:setting id="com.eviware.soapui.impl.wsdl.WsdlRequest@request-headers">&lt;entry key="Authorization" value="pk_2144419997_FYG8LWOXN4N816EUCCV0E0YAGXF3LEUI" xmlns="http://eviware.com/soapui/config"/></con:setting></con:settings><con:endpoint>https://api.clickup.com</con:endpoint><con:request>{
  "tag": {
    "name": "${#TestSuite#random_name}",
    "tag_fg": "#000000",
    "tag_bg": "#000000"
  }
}</con:request><con:originalUri>https://api.clickup.com/api/v2/space/90121392709/tag</con:originalUri><con:credentials><con:authType>No Authorization</con:authType></con:credentials><con:jmsConfig JMSDeliveryMode="PERSISTENT"/><con:jmsPropertyConfig/><con:parameters><entry key="space_id" value="90121392709" xmlns="http://eviware.com/soapui/config"/></con:parameters></con:request></con:method></con:resource><con:resource name="{tag_name}" path="/api/v2/space/90121392709/tag/${#TestSuite#random_name}" id="92caf621-6d42-4904-b170-413d2c3f091e"><con:settings/><con:parameters/><con:method name="Edit Space Tag" id="751d3f9c-cebe-4b19-9b98-d9c0d0853a64" method="PUT"><con:settings/><con:parameters/><con:representation type="RESPONSE"><con:mediaType>application/json; charset=utf-8</con:mediaType><con:status>200</con:status><con:params/><con:element xmlns:tag="https://api.clickup.com/api/v2/space/90121392709/tag/">tag:Response</con:element></con:representation><con:representation type="FAULT"><con:mediaType>application/json; charset=utf-8</con:mediaType><con:status>400</con:status><con:params/><con:element xmlns:tag="https://api.clickup.com/api/v2/space/90121392709/tag/">tag:Fault</con:element></con:representation><con:representation type="REQUEST"><con:mediaType>application/json</con:mediaType><con:params/></con:representation><con:request name="Request 1" id="2490e71a-9ba1-4d38-be1b-50fb3384621c" mediaType="application/json" postQueryString="false"><con:settings><con:setting id="com.eviware.soapui.impl.wsdl.WsdlRequest@request-headers">&lt;entry key="Authorization" value="pk_2144419997_FYG8LWOXN4N816EUCCV0E0YAGXF3LEUI" xmlns="http://eviware.com/soapui/config"/></con:setting></con:settings><con:endpoint>https://api.clickup.com</con:endpoint><con:request>{
  "tag": {
    "name": "${#TestSuite#random_name}",
    "tag_fg": "#000000",
    "tag_bg": "#000000"
  }
}</con:request><con:originalUri>https://api.clickup.com/api/v2/space/90121392709/tag/</con:originalUri><con:credentials><con:authType>No Authorization</con:authType></con:credentials><con:jmsConfig JMSDeliveryMode="PERSISTENT"/><con:jmsPropertyConfig/><con:parameters/><con:parameterOrder/></con:request></con:method><con:method name="Delete Space Tag" id="c430c0ee-6270-4fef-9959-c557e3b3af76" method="DELETE"><con:settings/><con:parameters/><con:request name="Request 1" id="09da6be6-e0b2-4ecf-9369-fb0113e5a278" mediaType="application/json" postQueryString="false"><con:settings><con:setting id="com.eviware.soapui.impl.wsdl.WsdlRequest@request-headers">&lt;entry key="Authorization" value="pk_2144419997_FYG8LWOXN4N816EUCCV0E0YAGXF3LEUI" xmlns="http://eviware.com/soapui/config"/></con:setting></con:settings><con:endpoint>https://api.clickup.com</con:endpoint><con:request/><con:credentials><con:authType>No Authorization</con:authType></con:credentials><con:jmsConfig JMSDeliveryMode="PERSISTENT"/><con:jmsPropertyConfig/><con:parameters/></con:request></con:method></con:resource><con:resource name="{tag_name}" path="/api/v2/task/8695xempw/tag/$(#Project#random_tag_name}" id="b00d6ca8-bbe6-4b87-96c1-278720a92754"><con:settings/><con:parameters/><con:method name="Add Tag to Task" id="ba829af9-7577-4460-9471-4545636ff434" method="POST"><con:settings/><con:parameters/><con:representation type="REQUEST"><con:mediaType>application/json</con:mediaType><con:params/></con:representation><con:representation type="FAULT"><con:mediaType>text/html; charset=utf-8</con:mediaType><con:status>404</con:status><con:params/><con:element>html</con:element></con:representation><con:request name="Request 1" id="5c266d5d-f67f-4750-a31b-ecc0a04d8d2a" mediaType="application/json" postQueryString="false"><con:settings><con:setting id="com.eviware.soapui.impl.wsdl.WsdlRequest@request-headers">&lt;entry key="Authorization" value="pk_2144419997_FYG8LWOXN4N816EUCCV0E0YAGXF3LEUI" xmlns="http://eviware.com/soapui/config"/></con:setting></con:settings><con:endpoint>https://api.clickup.com</con:endpoint><con:request/><con:originalUri>https://api.clickup.com/</con:originalUri><con:credentials><con:authType>No Authorization</con:authType></con:credentials><con:jmsConfig JMSDeliveryMode="PERSISTENT"/><con:jmsPropertyConfig/><con:parameters/><con:parameterOrder/></con:request></con:method><con:method name="Remove Tag from Task" id="aa5f26ab-d836-4cce-a7ef-598fd6d1afee" method="DELETE"><con:settings/><con:parameters/><con:representation type="FAULT"><con:mediaType>text/html; charset=utf-8</con:mediaType><con:status>404</con:status><con:params/><con:element>html</con:element></con:representation><con:representation type="REQUEST"><con:mediaType>application/json</con:mediaType><con:params/></con:representation><con:request name="Request 1" id="69685e3d-216b-4c0e-b54e-43738d9e4148" mediaType="application/json" postQueryString="false"><con:settings><con:setting id="com.eviware.soapui.impl.wsdl.WsdlRequest@request-headers">&lt;entry key="Authorization" value="pk_2144419997_FYG8LWOXN4N816EUCCV0E0YAGXF3LEUI" xmlns="http://eviware.com/soapui/config"/></con:setting></con:settings><con:endpoint>https://api.clickup.com</con:endpoint><con:request/><con:originalUri>https://api.clickup.com/</con:originalUri><con:credentials><con:authType>No Authorization</con:authType></con:credentials><con:jmsConfig JMSDeliveryMode="PERSISTENT"/><con:jmsPropertyConfig/><con:parameters/><con:parameterOrder/></con:request></con:method></con:resource></con:interface><con:testSuite id="5b96d823-0d74-478c-93be-a02a30065b9b" name="My Test Cases"><con:description>TestSuite generated for REST Service [https://api.clickup.com]</con:description><con:settings/><con:runType>SEQUENTIAL</con:runType><con:testCase id="e7f90bae-228a-4661-98f9-fe921f7c8da1" failOnError="true" failTestCaseOnErrors="true" keepSession="false" maxResults="0" name="https://api.clickup.com TestSuite" searchProperties="true"><con:settings/><con:testStep type="groovy" name="Generate random name" id="619acff7-3c5b-4f3f-b2bf-5add3e1bf3f0"><con:settings/><con:config><script>// Function to generate a random alphanumeric string
def generateRandomCode(int length) {
    def chars = ('a'..'z') // Define character set
    def code = (1..length).collect { chars[new Random().nextInt(chars.size())] }.join('')
    return code
}

// Generate a random code of desired length
def randomSpaceTag = generateRandomCode(10)
def randomTagName = generateRandomCode(9)

// Set the randomCode as an environment property
context.testCase.setPropertyValue("random_name", randomSpaceTag)
context.testCase.setPropertyValue("random_tag_name", randomTagName)

log.info "Generated Random Space Name: ${randomSpaceTag}"
log.info "Generated Random Tag Name: ${randomTagName}"</script></con:config></con:testStep><con:testStep type="restrequest" name="Get Space Tags test case" id="d210226d-3688-4016-827e-ab061489c16f"><con:settings/><con:config service="https://api.clickup.com" resourcePath="/api/v2/space/{space_id}/tag" methodName="Get Space Tags" xsi:type="con:RestRequestStep" xmlns:xsi="http://www.w3.org/2001/XMLSchema-instance"><con:restRequest name="Get Space Tags test case" id="f01205f3-0906-414a-ba31-d547a00f7a6b" mediaType="application/json"><con:settings><con:setting id="com.eviware.soapui.impl.wsdl.WsdlRequest@request-headers">&lt;entry key="Authorization" value="pk_2144419997_FYG8LWOXN4N816EUCCV0E0YAGXF3LEUI" xmlns="http://eviware.com/soapui/config"/></con:setting></con:settings><con:endpoint>https://api.clickup.com</con:endpoint><con:request/><con:originalUri>https://api.clickup.com/api/v2/space/90121392709/tag</con:originalUri><con:assertion type="Valid HTTP Status Codes" id="bdcd3224-9934-4e45-85fc-7b9b02d59146" name="Valid HTTP Status Codes"><con:configuration><codes>200</codes></con:configuration></con:assertion><con:credentials><con:authType>No Authorization</con:authType></con:credentials><con:jmsConfig JMSDeliveryMode="PERSISTENT"/><con:jmsPropertyConfig/><con:parameters><entry key="space_id" value="90121392709" xmlns="http://eviware.com/soapui/config"/></con:parameters><con:parameterOrder><con:entry>space_id</con:entry></con:parameterOrder></con:restRequest></con:config></con:testStep><con:testStep type="restrequest" name="Create Space Tag test case" id="05cd51bd-19a4-433b-bc3b-f41753d5aa63"><con:settings/><con:config service="https://api.clickup.com" resourcePath="/api/v2/space/{space_id}/tag" methodName="Create Space Tag" xsi:type="con:RestRequestStep" xmlns:xsi="http://www.w3.org/2001/XMLSchema-instance"><con:restRequest name="Create Space Tag test case" id="9261db91-25b2-437b-bfbb-125c921e477c" mediaType="application/json" postQueryString="false"><con:settings><con:setting id="com.eviware.soapui.impl.wsdl.WsdlRequest@request-headers">&lt;entry key="Authorization" value="pk_2144419997_FYG8LWOXN4N816EUCCV0E0YAGXF3LEUI" xmlns="http://eviware.com/soapui/config"/></con:setting></con:settings><con:endpoint>https://api.clickup.com</con:endpoint><con:request>{
  "tag": {
    "name": "${#TestSuite#random_name}",
    "tag_fg": "#000000",
    "tag_bg": "#000000"
  }
}</con:request><con:originalUri>https://api.clickup.com/api/v2/space/90121392709/tag</con:originalUri><con:assertion type="Valid HTTP Status Codes" id="13fc4e8a-8cad-4f2d-bd89-ab179f723c7d" name="Valid HTTP Status Codes"><con:configuration><codes>200</codes></con:configuration></con:assertion><con:credentials><con:authType>No Authorization</con:authType></con:credentials><con:jmsConfig JMSDeliveryMode="PERSISTENT"/><con:jmsPropertyConfig/><con:parameters><entry key="space_id" value="90121392709" xmlns="http://eviware.com/soapui/config"/></con:parameters></con:restRequest></con:config></con:testStep><con:testStep type="restrequest" name="Edit Space Tag test case" id="5db0de02-b72a-4861-87f5-a02f8cc038d6"><con:settings/><con:config service="https://api.clickup.com" resourcePath="/api/v2/space/90121392709/tag/${#TestSuite#random_name}" methodName="Edit Space Tag" xsi:type="con:RestRequestStep" xmlns:xsi="http://www.w3.org/2001/XMLSchema-instance"><con:restRequest name="Edit Space Tag test case" id="2490e71a-9ba1-4d38-be1b-50fb3384621c" mediaType="application/json" postQueryString="false"><con:settings><con:setting id="com.eviware.soapui.impl.wsdl.WsdlRequest@request-headers">&lt;entry key="Authorization" value="pk_2144419997_FYG8LWOXN4N816EUCCV0E0YAGXF3LEUI" xmlns="http://eviware.com/soapui/config"/></con:setting></con:settings><con:endpoint>https://api.clickup.com</con:endpoint><con:request>{
  "tag": {
    "name": "${#TestSuite#random_name}",
    "tag_fg": "#000000",
    "tag_bg": "#000000"
  }
}</con:request><con:originalUri>https://api.clickup.com/api/v2/space/90121392709/tag/</con:originalUri><con:assertion type="Valid HTTP Status Codes" id="db6d43d4-151c-4c34-8f0c-ecbf202de762" name="Valid HTTP Status Codes"><con:configuration><codes>200</codes></con:configuration></con:assertion><con:credentials><con:authType>No Authorization</con:authType></con:credentials><con:jmsConfig JMSDeliveryMode="PERSISTENT"/><con:jmsPropertyConfig/><con:parameters/><con:parameterOrder/></con:restRequest></con:config></con:testStep><con:testStep type="restrequest" name="Delete Space Tag test case" id="eb52cbda-09db-4c1c-92f5-326fdfd95780"><con:settings/><con:config service="https://api.clickup.com" resourcePath="/api/v2/space/90121392709/tag/${#TestSuite#random_name}" methodName="Delete Space Tag" xsi:type="con:RestRequestStep" xmlns:xsi="http://www.w3.org/2001/XMLSchema-instance"><con:restRequest name="Delete Space Tag test case" id="09da6be6-e0b2-4ecf-9369-fb0113e5a278" mediaType="application/json" postQueryString="false"><con:settings><con:setting id="com.eviware.soapui.impl.wsdl.WsdlRequest@request-headers">&lt;entry key="Authorization" value="pk_2144419997_FYG8LWOXN4N816EUCCV0E0YAGXF3LEUI" xmlns="http://eviware.com/soapui/config"/></con:setting></con:settings><con:endpoint>https://api.clickup.com</con:endpoint><con:request/><con:assertion type="Valid HTTP Status Codes" id="ba2a87bf-2309-46d1-b6c8-a4b432d84a4f" name="Valid HTTP Status Codes"><con:configuration><codes>200</codes></con:configuration></con:assertion><con:credentials><con:authType>No Authorization</con:authType></con:credentials><con:jmsConfig JMSDeliveryMode="PERSISTENT"/><con:jmsPropertyConfig/><con:parameters/></con:restRequest></con:config></con:testStep><con:testStep type="restrequest" name="Add Tag to Task test case" id="54ed673f-8d34-49a1-8c3a-fee8a44d8c10"><con:settings/><con:config service="https://api.clickup.com" resourcePath="/api/v2/task/8695xempw/tag/$(#Project#random_tag_name}" methodName="Add Tag to Task" xsi:type="con:RestRequestStep" xmlns:xsi="http://www.w3.org/2001/XMLSchema-instance"><con:restRequest name="Add Tag to Task test case" id="5c266d5d-f67f-4750-a31b-ecc0a04d8d2a" mediaType="application/json" postQueryString="false"><con:settings><con:setting id="com.eviware.soapui.impl.wsdl.WsdlRequest@request-headers">&lt;entry key="Authorization" value="pk_2144419997_FYG8LWOXN4N816EUCCV0E0YAGXF3LEUI" xmlns="http://eviware.com/soapui/config"/></con:setting></con:settings><con:endpoint>https://api.clickup.com</con:endpoint><con:request/><con:assertion type="Valid HTTP Status Codes" id="900f939b-71eb-4f8b-bebc-b677f4058b40" name="Valid HTTP Status Codes"><con:configuration><codes>200</codes></con:configuration></con:assertion><con:credentials><con:authType>No Authorization</con:authType></con:credentials><con:jmsConfig JMSDeliveryMode="PERSISTENT"/><con:jmsPropertyConfig/><con:parameters/><con:parameterOrder/></con:restRequest></con:config></con:testStep><con:testStep type="restrequest" name="Remove Tag from Task test case" id="21f0db11-3e9c-4546-8de9-5bc5ce70948b"><con:settings/><con:config service="https://api.clickup.com" resourcePath="/api/v2/task/8695xempw/tag/$(#Project#random_tag_name}" methodName="Remove Tag from Task" xsi:type="con:RestRequestStep" xmlns:xsi="http://www.w3.org/2001/XMLSchema-instance"><con:restRequest name="Remove Tag from Task test case" id="69685e3d-216b-4c0e-b54e-43738d9e4148" mediaType="application/json" postQueryString="false"><con:settings><con:setting id="com.eviware.soapui.impl.wsdl.WsdlRequest@request-headers">&lt;entry key="Authorization" value="pk_2144419997_FYG8LWOXN4N816EUCCV0E0YAGXF3LEUI" xmlns="http://eviware.com/soapui/config"/></con:setting></con:settings><con:endpoint>https://api.clickup.com</con:endpoint><con:request/><con:assertion type="Valid HTTP Status Codes" id="1983a42f-a655-4510-a968-fbe29c4f13ae" name="Valid HTTP Status Codes"><con:configuration><codes>200</codes></con:configuration></con:assertion><con:credentials><con:authType>No Authorization</con:authType></con:credentials><con:jmsConfig JMSDeliveryMode="PERSISTENT"/><con:jmsPropertyConfig/><con:parameters/><con:parameterOrder/></con:restRequest></con:config></con:testStep><con:properties><con:property><con:name>random_name</con:name><con:value>qiyzfdbmfg</con:value></con:property><con:property><con:name>random_tag_name</con:name><con:value>cprqchvng</con:value></con:property></con:properties></con:testCase><con:properties/></con:testSuite><con:properties><con:property><con:name>random_name</con:name><con:value/></con:property><con:property><con:name>random_tag_name</con:name><con:value/></con:property></con:properties><con:wssContainer/><con:oAuth2ProfileContainer/><con:oAuth1ProfileContainer/></con:soapui-project>